[{"id":1,"name":"周边旅游222","children":[{"id":24,"name":"广3东","status":0,"children":[{"id":7,"name":"广州"},{"id":23,"name":"潮州"}]}]},{"id":5,"name":"国内旅游33","children":[{"id":8,"name":"华北地区","children":[{"id":9,"name":"北京"}]}]},{"id":6,"name":"出境旅游","children":[{"id":10,"name":"东南亚","children":[{"id":11,"name":"马来西亚","children":[{"id":20,"name":"沙巴","children":[{"id":21,"name":"美人鱼岛","children":[{"id":22,"name":"潜水"}]}]}]}]}]}]